Model,Accuracy,Precision,Recall,F1-Score,ROC-AUC
Gradient Boosting,0.9241320708909929,0.6980392156862745,0.5754310344827587,0.6308328411104548,0.9556880631161847
LightGBM,0.9234037387715465,0.6916129032258065,0.5775862068965517,0.6294773928361714,0.9550953169960847
XGBoost,0.9146637533381888,0.6373626373626373,0.5625,0.5975958786491128,0.9476725022406717
Decision Tree,0.9164845836368051,0.660427807486631,0.5323275862068966,0.5894988066825776,0.929874124369074
Random Forest,0.9202476329206118,0.7600767754318618,0.4267241379310345,0.546583850931677,0.9515338282466154
Logistic Regression,0.9140568099053168,0.7022058823529411,0.41163793103448276,0.5190217391304348,0.9364801995377142
SVM,0.9121145909201263,0.7236842105263158,0.35560344827586204,0.476878612716763,0.9353813859144299
KNN,0.8977907259043457,0.564179104477612,0.4073275862068966,0.47309136420525655,0.8164777819708477
